{
  "Products" : {
    "transaction" : "Products",
    "sampleCount" : 2,
    "errorCount" : 0,
    "errorPct" : 0.0,
    "meanResTime" : 974.0,
    "minResTime" : 931.0,
    "maxResTime" : 1017.0,
    "pct1ResTime" : 1017.0,
    "pct2ResTime" : 1017.0,
    "pct3ResTime" : 1017.0,
    "throughput" : 0.07160502667287244,
    "receivedKBytesPerSec" : 3.4641728724356446,
    "sentKBytesPerSec" : 0.01751665935698686
  },
  "Terms and Conditions" : {
    "transaction" : "Terms and Conditions",
    "sampleCount" : 1,
    "errorCount" : 0,
    "errorPct" : 0.0,
    "meanResTime" : 808.0,
    "minResTime" : 808.0,
    "maxResTime" : 808.0,
    "pct1ResTime" : 808.0,
    "pct2ResTime" : 808.0,
    "pct3ResTime" : 808.0,
    "throughput" : 1.2376237623762376,
    "receivedKBytesPerSec" : 42.890189897896036,
    "sentKBytesPerSec" : 0.37104540532178215
  },
  "Checkout Get-0" : {
    "transaction" : "Checkout Get-0",
    "sampleCount" : 1,
    "errorCount" : 0,
    "errorPct" : 0.0,
    "meanResTime" : 785.0,
    "minResTime" : 785.0,
    "maxResTime" : 785.0,
    "pct1ResTime" : 785.0,
    "pct2ResTime" : 785.0,
    "pct3ResTime" : 785.0,
    "throughput" : 1.2738853503184713,
    "receivedKBytesPerSec" : 0.5921576433121019,
    "sentKBytesPerSec" : 0.3669884554140127
  },
  "Posts" : {
    "transaction" : "Posts",
    "sampleCount" : 1,
    "errorCount" : 0,
    "errorPct" : 0.0,
    "meanResTime" : 849.0,
    "minResTime" : 849.0,
    "maxResTime" : 849.0,
    "pct1ResTime" : 849.0,
    "pct2ResTime" : 849.0,
    "pct3ResTime" : 849.0,
    "throughput" : 1.1778563015312131,
    "receivedKBytesPerSec" : 78.66331713780919,
    "sentKBytesPerSec" : 0.3462253386336867
  },
  "Privacy Policy" : {
    "transaction" : "Privacy Policy",
    "sampleCount" : 1,
    "errorCount" : 0,
    "errorPct" : 0.0,
    "meanResTime" : 814.0,
    "minResTime" : 814.0,
    "maxResTime" : 814.0,
    "pct1ResTime" : 814.0,
    "pct2ResTime" : 814.0,
    "pct3ResTime" : 814.0,
    "throughput" : 1.2285012285012284,
    "receivedKBytesPerSec" : 47.73159167690418,
    "sentKBytesPerSec" : 0.36111217751842756
  },
  "About" : {
    "transaction" : "About",
    "sampleCount" : 2,
    "errorCount" : 0,
    "errorPct" : 0.0,
    "meanResTime" : 888.0,
    "minResTime" : 848.0,
    "maxResTime" : 928.0,
    "pct1ResTime" : 928.0,
    "pct2ResTime" : 928.0,
    "pct3ResTime" : 928.0,
    "throughput" : 0.0771366862079605,
    "receivedKBytesPerSec" : 7.465384912064177,
    "sentKBytesPerSec" : 0.018643876793427952
  },
  "Contact" : {
    "transaction" : "Contact",
    "sampleCount" : 2,
    "errorCount" : 0,
    "errorPct" : 0.0,
    "meanResTime" : 807.0,
    "minResTime" : 782.0,
    "maxResTime" : 832.0,
    "pct1ResTime" : 832.0,
    "pct2ResTime" : 832.0,
    "pct3ResTime" : 832.0,
    "throughput" : 0.06948787436592314,
    "receivedKBytesPerSec" : 2.407612342349385,
    "sentKBytesPerSec" : 0.01693088345146272
  },
  "Checkout Post" : {
    "transaction" : "Checkout Post",
    "sampleCount" : 1,
    "errorCount" : 0,
    "errorPct" : 0.0,
    "meanResTime" : 970.0,
    "minResTime" : 970.0,
    "maxResTime" : 970.0,
    "pct1ResTime" : 970.0,
    "pct2ResTime" : 970.0,
    "pct3ResTime" : 970.0,
    "throughput" : 1.0309278350515465,
    "receivedKBytesPerSec" : 155.6922519329897,
    "sentKBytesPerSec" : 1.033948131443299
  },
  "Cart Get" : {
    "transaction" : "Cart Get",
    "sampleCount" : 1,
    "errorCount" : 0,
    "errorPct" : 0.0,
    "meanResTime" : 728.0,
    "minResTime" : 728.0,
    "maxResTime" : 728.0,
    "pct1ResTime" : 728.0,
    "pct2ResTime" : 728.0,
    "pct3ResTime" : 728.0,
    "throughput" : 1.3736263736263736,
    "receivedKBytesPerSec" : 108.4480704842033,
    "sentKBytesPerSec" : 0.2709692651098901
  },
  "Total" : {
    "transaction" : "Total",
    "sampleCount" : 18,
    "errorCount" : 0,
    "errorPct" : 0.0,
    "meanResTime" : 1072.611111111111,
    "minResTime" : 728.0,
    "maxResTime" : 2238.0,
    "pct1ResTime" : 2159.7000000000003,
    "pct2ResTime" : 2238.0,
    "pct3ResTime" : 2238.0,
    "throughput" : 0.3010939747750159,
    "receivedKBytesPerSec" : 21.87771494241578,
    "sentKBytesPerSec" : 0.09716292111337861
  },
  "My Account" : {
    "transaction" : "My Account",
    "sampleCount" : 1,
    "errorCount" : 0,
    "errorPct" : 0.0,
    "meanResTime" : 2151.0,
    "minResTime" : 2151.0,
    "maxResTime" : 2151.0,
    "pct1ResTime" : 2151.0,
    "pct2ResTime" : 2151.0,
    "pct3ResTime" : 2151.0,
    "throughput" : 0.46490004649000466,
    "receivedKBytesPerSec" : 17.682545908879593,
    "sentKBytesPerSec" : 0.0944328219432822
  },
  "Checkout Get-1" : {
    "transaction" : "Checkout Get-1",
    "sampleCount" : 1,
    "errorCount" : 0,
    "errorPct" : 0.0,
    "meanResTime" : 924.0,
    "minResTime" : 924.0,
    "maxResTime" : 924.0,
    "pct1ResTime" : 924.0,
    "pct2ResTime" : 924.0,
    "pct3ResTime" : 924.0,
    "throughput" : 1.0822510822510822,
    "receivedKBytesPerSec" : 85.44182054924242,
    "sentKBytesPerSec" : 0.30755377435064934
  },
  "Cart Post" : {
    "transaction" : "Cart Post",
    "sampleCount" : 1,
    "errorCount" : 0,
    "errorPct" : 0.0,
    "meanResTime" : 919.0,
    "minResTime" : 919.0,
    "maxResTime" : 919.0,
    "pct1ResTime" : 919.0,
    "pct2ResTime" : 919.0,
    "pct3ResTime" : 919.0,
    "throughput" : 1.088139281828074,
    "receivedKBytesPerSec" : 86.07564268226332,
    "sentKBytesPerSec" : 0.48031147986942324
  },
  "Home" : {
    "transaction" : "Home",
    "sampleCount" : 2,
    "errorCount" : 0,
    "errorPct" : 0.0,
    "meanResTime" : 1655.5,
    "minResTime" : 1073.0,
    "maxResTime" : 2238.0,
    "pct1ResTime" : 2238.0,
    "pct2ResTime" : 2238.0,
    "pct3ResTime" : 2238.0,
    "throughput" : 0.07670770528899629,
    "receivedKBytesPerSec" : 11.58466133548115,
    "sentKBytesPerSec" : 0.01809073322977793
  },
  "Checkout Get" : {
    "transaction" : "Checkout Get",
    "sampleCount" : 1,
    "errorCount" : 0,
    "errorPct" : 0.0,
    "meanResTime" : 1710.0,
    "minResTime" : 1710.0,
    "maxResTime" : 1710.0,
    "pct1ResTime" : 1710.0,
    "pct2ResTime" : 1710.0,
    "pct3ResTime" : 1710.0,
    "throughput" : 0.5847953216374269,
    "receivedKBytesPerSec" : 46.440401133040936,
    "sentKBytesPerSec" : 0.33465826023391815
  }
}